VORP Rank,Tier,Player Name,Position,Team,ML Points,VORP,ADP,Sleeper Score
1,1,Shohei Ohtani,DH,Los Angeles Dodgers,844.2064195179242,392.8194319292375,1.17,0.16999999999999993
2,1,Juan Soto,OF,New York Mets,826.3807211398256,374.60112970754585,3.5,1.5
3,1,Vladimir Guerrero Jr.,1B,Toronto Blue Jays,759.6587164387165,364.55704898228225,18.0,15.0
4,1,Tarik Skubal,SP,Detroit Tigers,734.5495448142914,357.29615939634965,6.0,2.0
5,1,Jose Ramirez,3B,Cleveland Guardians,781.1459372040334,351.4773591149841,5.5,0.5
6,1,Aaron Judge,OF,New York Yankees,800.599767208064,348.82017577578426,1.83,-4.17
7,1,Paul Skenes,SP,Pittsburgh Pirates,708.542579965368,331.28919454742623,8.5,1.5
8,1,Bobby Witt Jr.,SS,Kansas City Royals,782.6255114791043,302.4669159874339,4.0,-4.0
9,1,Garrett Crochet,SP,Boston Red Sox,674.5012926491183,297.2479072311766,11.33,2.33
10,2,Kyle Tucker,OF,Los Angeles Dodgers,736.9053812621679,285.12578982988816,12.17,2.17
11,2,Ronald Acuna Jr.,OF,Atlanta Braves,729.0149834406229,277.2353920083432,7.33,-3.67
12,2,Bryce Harper,1B,Philadelphia Phillies,664.1733210306478,269.07165357421354,41.67,29.67
13,1,Ketel Marte,2B,Arizona Diamondbacks,681.0257968336467,268.79228767700704,24.83,11.829999999999998
14,2,Fernando Tatis Jr.,OF,San Diego Padres,716.5480499603283,264.76845852804854,14.17,0.16999999999999993
15,2,Freddie Freeman,1B,Los Angeles Dodgers,643.2276239109215,248.1259564544872,54.33,39.33
16,2,Bryan Woo,SP,Seattle Mariners,625.0812180081562,247.82783259021443,34.17,18.17
17,2,Corbin Carroll,OF,Arizona Diamondbacks,696.7843428883423,245.00475145606254,14.83,-2.17
18,2,Logan Webb,SP,San Francisco Giants,618.3740932912167,241.12070787327497,43.17,25.17
19,2,Cristopher Sanchez,SP,Philadelphia Phillies,617.8535824295456,240.60019701160383,26.33,7.329999999999998
20,2,Pete Alonso,1B,Baltimore Orioles,632.1368205209253,237.03515306449106,28.33,8.329999999999998
21,2,Maikel Garcia,3B,Kansas City Royals,659.5053323858144,229.8367542967651,69.83,48.83
22,2,Julio Rodriguez,OF,Seattle Mariners,681.4451469924859,229.66555556020614,11.5,-10.5
23,2,Vinnie Pasquantino,1B,Kansas City Royals,622.0224393589406,226.92077190250632,78.17,55.17
24,2,Yordan Alvarez,DH,Houston Astros,676.0229130133674,224.6359254246807,31.67,7.670000000000002
25,2,Kyle Schwarber,DH,Philadelphia Phillies,674.0464232114585,222.6594356227718,18.5,-6.5
26,2,Chris Sale,SP,Atlanta Braves,596.8437619013296,219.59037648338784,38.5,12.5
27,2,Hunter Brown,SP,Houston Astros,594.9844193921108,217.73103397416907,34.0,7.0
28,2,Josh Naylor,1B,Seattle Mariners,611.7996434495692,216.69797599313495,61.17,33.17
29,2,Matt Olson,1B,Atlanta Braves,610.4835704401687,215.38190298373445,39.17,10.170000000000002
30,2,Logan Gilbert,SP,Seattle Mariners,591.3020533118557,214.048667893914,35.83,5.829999999999998
31,2,Junior Caminero,3B,Tampa Bay Rays,642.6653561470207,212.99677805797137,16.33,-14.670000000000002
32,1,Nico Hoerner,2B,Chicago Cubs,624.3310759141659,212.09756675752624,84.5,52.5
33,2,Max Fried,SP,New York Yankees,586.8271310755579,209.57374565761614,42.5,9.5
34,2,Luis Arraez,1B,San Francisco Giants,603.1467271514156,208.04505969498132,229.0,195.0
35,2,Jesus Luzardo,SP,Philadelphia Phillies,582.1764792253664,204.92309380742466,69.83,34.83
36,1,Brice Turang,2B,Milwaukee Brewers,616.4847972276402,204.25128807100054,49.5,13.5
37,2,Framber Valdez,SP,Detroit Tigers,579.6127703075643,202.35938488962262,70.0,33.0
38,2,Gunnar Henderson,SS,Baltimore Orioles,681.6016204831844,201.44302499151405,16.83,-21.17
39,2,Alex Bregman,3B,Chicago Cubs,629.692606552508,200.02402846345865,79.67,40.67
40,2,Yoshinobu Yamamoto,SP,Los Angeles Dodgers,577.0751489891322,199.8217635711905,22.67,-17.33
41,1,Gleyber Torres,2B,Detroit Tigers,609.8232553396459,197.58974618300624,188.17,147.17
42,2,Jacob deGrom,SP,Texas Rangers,574.3837829835518,197.13039756561005,49.0,7.0
43,2,Rafael Devers,DH,San Francisco Giants,647.8375740464944,196.45058645780767,46.5,3.5
44,1,Jazz Chisholm Jr.,2B,New York Yankees,604.874313158041,192.6408040014013,25.67,-18.33
45,2,Manny Machado,3B,San Diego Padres,622.2582821987288,192.58970410967947,29.17,-15.829999999999998
46,2,Joe Ryan,SP,Minnesota Twins,568.6963003553154,191.4429149373737,70.17,24.17
47,2,Dylan Cease,SP,Toronto Blue Jays,565.9806570118338,188.7272715938921,70.33,23.33
48,3,Jackson Chourio,OF,Milwaukee Brewers,640.1836288347337,188.40403740245392,24.5,-23.5
49,2,Cole Ragans,SP,Kansas City Royals,565.3866447485017,188.13325933055995,50.33,1.3299999999999983
50,2,Nick Kurtz,1B,Athletics,582.9273159978072,187.82564854137297,24.33,-25.67
51,2,Brent Rooker,DH,Athletics,639.0626684455558,187.67568085686906,41.17,-9.829999999999998
52,1,Cal Raleigh,C,Seattle Mariners,620.8284190878074,187.02156920780544,13.83,-38.17
53,3,Wyatt Langford,OF,Texas Rangers,638.5401308449445,186.7605394126648,52.67,-0.3299999999999983
54,2,Yandy Diaz,DH,Tampa Bay Rays,635.3097840358587,183.92279644717195,128.17,74.16999999999999
55,2,Mookie Betts,SS,Los Angeles Dodgers,663.1723512564907,183.01375576482036,44.0,-11.0
56,3,Steven Kwan,OF,Cleveland Guardians,631.5262312156312,179.7466397833515,136.17,80.16999999999999
57,2,Elly De La Cruz,SS,Cincinnati Reds,659.8728392660489,179.71424377437853,11.33,-45.67
58,2,Jose Altuve,2B,Houston Astros,589.2694542238492,177.03594506720947,89.17,31.17
59,3,Alec Burleson,1B,St. Louis Cardinals,571.5660283947121,176.46436093827788,171.5,112.5
60,3,Nolan Schanuel,1B,Los Angeles Angels,569.7612507400527,174.65958328361842,315.5,255.5
61,2,George Kirby,SP,Seattle Mariners,550.4206532609933,173.16726784305155,64.0,3.0
62,2,Xavier Edwards,2B,Miami Marlins,585.1769401195055,172.94343096286582,170.0,108.0
63,2,Nick Pivetta,SP,San Diego Padres,547.9165345180924,170.66314910015063,83.83,20.83
64,1,William Contreras,C,Milwaukee Brewers,604.3975618060485,170.59071192604654,51.33,-12.670000000000002
65,2,Matt Chapman,3B,San Francisco Giants,597.6514681321607,167.9828900431114,134.33,69.33000000000001
66,2,Bryson Stott,2B,Philadelphia Phillies,580.1088721107767,167.87536295413702,194.17,128.17
67,2,Kevin Gausman,SP,Toronto Blue Jays,545.0018356684294,167.74845025048768,95.0,28.0
68,3,Ben Rice,1B,New York Yankees,562.8145348483561,167.7128673919218,62.17,-5.829999999999998
69,2,Sonny Gray,SP,Boston Red Sox,544.5610853385006,167.30769992055883,112.67,43.67
70,2,Trea Turner,SS,Philadelphia Phillies,646.858377616331,166.69978212466066,34.0,-36.0
71,3,Jarren Duran,OF,Boston Red Sox,618.2536888523415,166.47409742006175,59.0,-12.0
72,3,George Springer,DH,Toronto Blue Jays,615.2483542731414,163.8613666844547,77.17,5.170000000000002
73,2,Freddy Peralta,SP,New York Mets,540.8722865740459,163.6189011561042,53.17,-19.83
74,2,Geraldo Perdomo,SS,Arizona Diamondbacks,642.4853657055544,162.326770213884,63.83,-10.170000000000002
75,2,Francisco Lindor,SS,New York Mets,641.242487860578,161.08389236890758,24.67,-50.33
76,3,Spencer Torkelson,1B,Detroit Tigers,555.5978697040304,160.4962022475961,172.0,96.0
77,3,Randy Arozarena,OF,Seattle Mariners,611.1873935876229,159.40780215534312,78.5,1.5
78,3,James Wood,OF,Washington Nationals,610.6813531285918,158.90176169631206,40.17,-37.83
79,3,Michael Busch,1B,Chicago Cubs,551.782670089203,156.6810026327687,113.5,34.5
80,2,Luke Keaschall,2B,Minnesota Twins,568.0517297150649,155.8182205584252,116.0,36.0
81,2,Ozzie Albies,2B,Atlanta Braves,566.5062740231378,154.27276486649816,122.0,41.0
82,2,Marcus Semien,2B,New York Mets,565.5479739569421,153.3144648003024,187.83,105.83000000000001
83,3,Luis Castillo,SP,Seattle Mariners,529.9887645706358,152.73537915269407,133.83,50.83000000000001
84,2,Brendan Donovan,2B,Seattle Mariners,564.9393862831806,152.70587712654094,218.5,134.5
85,3,Roman Anthony,OF,Boston Red Sox,604.2625967359814,152.4830053037017,50.17,-34.83
86,3,Seiya Suzuki,DH,Chicago Cubs,603.3200078181301,151.93302022944334,83.67,-2.3299999999999983
87,3,Pete Crow-Armstrong,OF,Chicago Cubs,602.2843910580613,150.50479962578152,32.67,-54.33
88,3,Jackson Merrill,OF,San Diego Padres,599.5541890886906,147.77459765641083,62.83,-25.17
89,3,Ian Happ,OF,Chicago Cubs,599.3267671474298,147.54717571515005,140.33,51.33000000000001
90,3,Austin Riley,3B,Atlanta Braves,576.1631006381864,146.49452254913706,59.67,-30.33
91,3,Cody Bellinger,OF,New York Yankees,598.2119106649986,146.4323192327189,58.67,-32.33
92,3,Tanner Bibee,SP,Cleveland Guardians,523.2058752153705,145.95248979742877,166.83,74.83000000000001
93,3,Miguel Vargas,3B,Chicago White Sox,572.042231560044,142.37365347099467,280.5,187.5
94,3,Jonathan Aranda,1B,Tampa Bay Rays,535.155474955412,140.0538074989778,197.17,103.16999999999999
95,3,Spencer Strider,SP,Atlanta Braves,517.1216858320305,139.86830041408876,101.0,6.0
96,3,Nathan Eovaldi,SP,Texas Rangers,517.0448117405085,139.7914263225668,127.83,31.83
97,3,Brandon Nimmo,OF,Texas Rangers,591.5132783828666,139.73368695058684,123.67,26.67
98,3,Ryan Pepiot,SP,Tampa Bay Rays,516.3976705211835,139.14428510324177,130.5,32.5
99,3,Taylor Ward,OF,Baltimore Orioles,589.3227929733532,137.54320154107347,125.67,26.67
100,3,Michael King,SP,San Diego Padres,514.4922036587445,137.2388182408028,137.0,37.0
101,1,Mason Miller,RP,San Diego Padres,580.3747742374677,135.6239919185931,47.67,-53.33
102,3,Ranger Suarez,SP,Boston Red Sox,512.2639338072613,135.01054838931958,157.67,55.66999999999999
103,2,Will Smith,C,Los Angeles Dodgers,568.579035271224,134.77218539122202,111.5,8.5
104,3,Christian Yelich,DH,Milwaukee Brewers,585.4462791931649,134.05929160447812,94.33,-9.670000000000002
105,3,Munetaka Murakami,1B,Chicago White Sox,528.4199113471166,133.3182438906823,179.17,74.16999999999999
106,3,Willson Contreras,1B,Boston Red Sox,527.7955017391452,132.6938342827109,173.5,67.5
107,3,Zack Wheeler,SP,Philadelphia Phillies,508.670645536743,131.41726011880127,120.5,13.5
108,1,Edwin Diaz,RP,Los Angeles Dodgers,575.7803519029733,131.02956958409868,50.5,-57.5
109,3,Kazuma Okamoto,1B,Toronto Blue Jays,525.1668504113353,130.06518295490105,185.67,76.66999999999999
110,3,Zac Gallen,SP,Arizona Diamondbacks,506.13497021780194,128.8815847998602,194.5,84.5
111,3,MacKenzie Gore,SP,Texas Rangers,506.0331920544052,128.7798066364635,154.0,43.0
112,3,Brandon Woodruff,SP,Milwaukee Brewers,505.8064583491261,128.55307293118437,116.17,4.170000000000002
113,3,Zach Neto,SS,Los Angeles Angels,607.8110085201156,127.65241302844521,51.0,-62.0
114,2,Adley Rutschman,C,Baltimore Orioles,560.6701086116125,126.86325873161047,163.5,49.5
115,3,Jack Flaherty,SP,Detroit Tigers,503.9017629707249,126.64837755278319,197.5,82.5
116,3,Jose Soriano,SP,Los Angeles Angels,503.8542065517943,126.60082113385255,312.67,196.67000000000002
117,3,Andrew Vaughn,1B,Milwaukee Brewers,520.9486992174639,125.8470317610296,293.17,176.17000000000002
118,3,Corey Seager,SS,Texas Rangers,605.8613848944148,125.70278940274437,83.0,-35.0
119,3,Drew Rasmussen,SP,Tampa Bay Rays,502.6182932241045,125.36490780616276,162.17,43.16999999999999
120,3,Jake Cronenworth,2B,San Diego Padres,535.9703967668241,123.73688761018445,343.17,223.17000000000002
121,3,Robbie Ray,SP,San Francisco Giants,500.40846857051156,123.15508315256983,160.67,39.66999999999999
122,3,Christian Walker,1B,Houston Astros,517.1057854968071,122.00411804037287,182.5,60.5
123,3,Willy Adames,SS,San Francisco Giants,602.0734453651559,121.91484987348548,110.5,-12.5
124,4,Jung Hoo Lee,OF,San Francisco Giants,573.2259748895026,121.44638345722285,270.17,146.17000000000002
125,3,Ryan O'Hearn,1B,Pittsburgh Pirates,516.0840567379046,120.98238928147032,264.0,139.0
126,3,Eury Perez,SP,Miami Marlins,496.4168598960809,119.16347447813916,100.0,-26.0
127,3,Aaron Nola,SP,Philadelphia Phillies,495.7784330588392,118.52504764089747,207.67,80.66999999999999
128,3,Gavin Williams,SP,Cleveland Guardians,495.2508096577608,117.99742423981905,137.33,9.330000000000013
129,3,Sal Stewart,1B,Cincinnati Reds,512.3469126407545,117.2452451843202,219.5,90.5
130,3,Matthew Boyd,SP,Chicago Cubs,494.16041865316475,116.90703323522303,196.17,66.16999999999999
131,3,Sandy Alcantara,SP,Miami Marlins,493.8932018536661,116.63981643572436,144.83,13.830000000000013
132,3,Nick Lodolo,SP,Cincinnati Reds,493.00609714773987,115.75271172979814,129.67,-2.3300000000000125
133,3,Jeremy Pena,SS,Houston Astros,595.8300897432403,115.67149425156987,111.83,-21.17
134,3,Nolan McLean,SP,New York Mets,492.82086715641645,115.56748173847473,98.83,-35.17
135,4,Oneil Cruz,OF,Pittsburgh Pirates,567.0278457253405,115.24825429306077,94.5,-40.5
136,1,Cade Smith,RP,Cleveland Guardians,559.8316013458123,115.08081902693766,68.5,-67.5
137,3,Jeff McNeil,2B,Athletics,526.0924463137027,113.858937157063,328.33,191.32999999999998
138,3,Shota Imanaga,SP,Chicago Cubs,490.5942305314099,113.34084511346816,168.0,30.0
139,4,Jakob Marsee,OF,Miami Marlins,565.0218529190279,113.24226148674813,134.33,-4.6699999999999875
140,3,CJ Abrams,SS,Washington Nationals,592.9803288615983,112.82173336992793,79.67,-60.33
141,3,Chase Burns,SP,Cincinnati Reds,489.4167710401865,112.16338562224479,111.67,-29.33
142,4,Michael Harris II,OF,Atlanta Braves,563.5856516284442,111.80606019616448,105.67,-36.33
143,2,Shea Langeliers,C,Athletics,544.9013344912979,111.09448461129591,66.0,-77.0
144,4,Bryan Reynolds,OF,Pittsburgh Pirates,562.5238547939111,110.7442633616314,174.5,30.5
145,3,Caleb Durbin,3B,Boston Red Sox,539.1460839985839,109.47750590953456,231.17,86.16999999999999
146,3,Kyle Bradish,SP,Baltimore Orioles,486.1303239775849,108.87693855964318,81.33,-64.67
147,3,Bo Bichette,SS,New York Mets,588.8615310062854,108.70293551461504,83.83,-63.17
148,3,Blake Snell,SP,Los Angeles Dodgers,485.42657730438543,108.1731918864437,109.5,-38.5
149,3,Yusei Kikuchi,SP,Los Angeles Angels,485.1409434438095,107.88755802586775,293.67,144.67000000000002
150,4,Riley Greene,OF,Detroit Tigers,559.323703200084,107.54411176780422,68.33,-81.67
151,3,Nolan Arenado,3B,Arizona Diamondbacks,537.1916348185289,107.52305672947955,309.17,158.17000000000002
152,4,Heliot Ramos,OF,San Francisco Giants,558.9356042306016,107.15601279832185,233.33,81.33000000000001
153,3,Andrew Abbott,SP,Cincinnati Reds,484.2856396755873,107.03225425764555,191.83,38.83000000000001
154,3,Alec Bohm,3B,Philadelphia Phillies,536.6221478381401,106.95356974909078,238.67,84.66999999999999
155,3,Jonathan India,2B,Kansas City Royals,518.12038583601,105.88687667937029,306.0,151.0
156,4,Tyler Soderstrom,OF,Athletics,557.0785833775809,105.29899194530117,87.67,-68.33
157,3,Mitch Keller,SP,Pittsburgh Pirates,481.4072618975312,104.15387647958948,300.83,143.82999999999998
158,3,Andres Gimenez,2B,Toronto Blue Jays,515.7241858623765,103.49067670573686,314.17,156.17000000000002
159,2,Jhoan Duran,RP,Philadelphia Phillies,546.9984079270934,102.24762560821875,66.33,-92.67
160,2,Alejandro Kirk,C,Toronto Blue Jays,535.9552123040296,102.1483624240276,184.33,24.330000000000013
161,3,Shane Smith,SP,Chicago White Sox,478.9660161047186,101.71263068677689,280.17,119.17000000000002
162,3,Eugenio Suarez,3B,Cincinnati Reds,531.2859341567012,101.61735606765183,83.33,-78.67
163,2,Salvador Perez,C,Kansas City Royals,534.8017891276326,100.99493924763055,99.67,-63.33
164,2,Andres Munoz,RP,Seattle Mariners,544.3015780164216,99.55079569754696,60.67,-103.33
165,3,Emmet Sheehan,SP,Los Angeles Dodgers,476.57624119434223,99.3228557764005,139.17,-25.830000000000013
166,3,Tyler Glasnow,SP,Los Angeles Dodgers,475.75692427070965,98.50353885276792,110.83,-55.17
167,3,Ernie Clement,3B,Toronto Blue Jays,528.0984650528089,98.4298869637596,247.33,80.33000000000001
168,4,Andy Pages,OF,Los Angeles Dodgers,550.0031063525557,98.22351492027599,136.17,-31.830000000000013
169,3,Merrill Kelly,SP,Arizona Diamondbacks,475.23032502049807,97.97693960255634,245.17,76.16999999999999
170,4,Ivan Herrera,DH,St. Louis Cardinals,548.585836439098,97.19884885041125,201.33,31.330000000000013
171,3,Shane Baz,SP,Baltimore Orioles,474.43232929638623,97.1789438784445,226.5,55.5
172,4,Brenton Doyle,OF,Colorado Rockies,548.2148514799303,96.43526004765056,203.17,31.169999999999987
173,3,Jack Leiter,SP,Texas Rangers,473.65495697719024,96.40157155924851,266.83,93.82999999999998
174,3,Matt McLain,2B,Cincinnati Reds,507.1492175055948,94.91570834895509,214.17,40.16999999999999
175,2,Hunter Goodman,C,Colorado Rockies,527.4791486651559,93.67229878515388,81.5,-93.5
176,3,Xander Bogaerts,SS,San Diego Padres,573.404516472913,93.24592098124259,263.67,87.67000000000002
177,3,Otto Lopez,SS,Miami Marlins,572.6980056972791,92.5394102056087,258.17,81.17000000000002
178,3,Jackson Holliday,2B,Baltimore Orioles,504.43572753163073,92.20221837499105,184.17,6.1699999999999875
179,3,Jacob Wilson,SS,Athletics,572.2058173432488,92.0472218515784,160.0,-19.0
180,4,Teoscar Hernandez,OF,Los Angeles Dodgers,543.5590281001064,91.77943666782664,115.33,-64.67
181,4,Byron Buxton,OF,Minnesota Twins,542.6087485433421,90.82915711106239,78.5,-102.5
182,4,Jake Burger,1B,Texas Rangers,485.9190795307868,90.81741207435255,281.5,99.5
183,4,Chris Bassitt,SP,Baltimore Orioles,467.93466312071035,90.68127770276863,307.83,124.82999999999998
184,4,Brady Singer,SP,Cincinnati Reds,467.7295295457242,90.47614412778245,284.33,100.32999999999998
185,4,Sal Frelick,OF,Milwaukee Brewers,542.1833506249444,90.40375919266467,219.83,34.83000000000001
186,4,Bailey Ober,SP,Minnesota Twins,467.5790119101713,90.32562649222956,282.8,96.80000000000001
187,2,Bryan Abreu,RP,Houston Astros,534.8963325916227,90.1455502727481,241.5,54.5
188,3,Dansby Swanson,SS,Chicago Cubs,570.1940626314725,90.03546713980217,156.17,-31.830000000000013
189,4,Lawrence Butler,OF,Athletics,540.5185319872594,88.73894055497965,147.5,-41.5
190,4,David Peterson,SP,New York Mets,465.97079653357,88.7174111156283,309.83,119.82999999999998
191,4,Spencer Horwitz,1B,Pittsburgh Pirates,483.38062454149065,88.27895708505639,364.33,173.32999999999998
192,2,Devin Williams,RP,New York Mets,532.1659531326743,87.4151708137997,98.33,-93.67
193,4,Chandler Simpson,OF,Tampa Bay Rays,539.1157975795547,87.33620614727499,179.0,-14.0
194,4,Josh Bell,DH,Minnesota Twins,538.5389323829373,87.1519447942506,368.0,174.0
195,4,Carlos Rodon,SP,New York Yankees,464.1267196905077,86.87333427256596,194.17,-0.8300000000000125
196,4,Jacob Misiorowski,SP,Milwaukee Brewers,462.4159558093657,85.16257039142397,115.67,-80.33
197,2,Abner Uribe,RP,Milwaukee Brewers,529.8392079174596,85.08842559858499,228.5,31.5
198,3,Brandon Lowe,2B,Pittsburgh Pirates,497.1036788297913,84.87016967315162,165.67,-32.33000000000001
199,4,Kris Bubic,SP,Kansas City Royals,460.6747304793495,83.42134506140775,209.0,10.0
200,3,Carlos Correa,3B,Houston Astros,512.9226810680885,83.2541029790392,246.0,46.0
201,4,Trey Yesavage,SP,Toronto Blue Jays,460.02682454681747,82.77343912887574,134.67,-66.33000000000001
202,4,Daylen Lile,OF,Washington Nationals,534.2596177487552,82.48002631647546,232.0,30.0
203,4,TJ Friedl,OF,Cincinnati Reds,531.6272391432477,79.84764771096798,263.17,60.170000000000016
204,4,Brandon Pfaadt,SP,Arizona Diamondbacks,457.0047477351578,79.75136231721609,341.67,137.67000000000002
205,4,Dylan Crews,OF,Washington Nationals,530.9555215140477,79.175930081768,212.33,7.3300000000000125
206,4,Trent Grisham,OF,New York Yankees,530.9477264974994,79.16813506521964,243.17,37.16999999999999
207,4,Jo Adell,OF,Los Angeles Angels,530.9457902639977,79.1661988317179,129.67,-77.33000000000001
208,4,Lars Nootbaar,OF,St. Louis Cardinals,529.2558913098119,77.47629987753214,376.25,168.25
209,4,Ceddanne Rafaela,OF,Boston Red Sox,527.9144595687254,76.13486813644568,148.17,-60.83000000000001
210,3,Drake Baldwin,C,Atlanta Braves,508.2172661336828,74.41041625368081,109.5,-100.5
211,4,Edward Cabrera,SP,Chicago Cubs,451.42559109279443,74.1722056748527,207.67,-3.3300000000000125
212,4,Ryne Nelson,SP,Arizona Diamondbacks,451.082807025554,73.82942160761229,258.5,46.5
213,4,Tatsuya Imai,SP,Houston Astros,450.73185181467545,73.47846639673372,183.17,-29.830000000000013
214,3,Agustin Ramirez,C,Miami Marlins,506.9082257891163,73.10137590911427,102.83,-111.17
215,4,Noelvi Marte,3B,Cincinnati Reds,501.4462479154746,71.77766982642527,150.67,-64.33000000000001
216,4,Luis Robert Jr.,OF,New York Mets,523.3722786869923,71.59268725471259,133.83,-82.16999999999999
217,4,Trevor Rogers,SP,Baltimore Orioles,448.111315522404,70.8579301044623,144.0,-73.0
218,4,Sean Manaea,SP,New York Mets,447.76408876624964,70.51070334830791,295.5,77.5
219,4,Wilyer Abreu,OF,Boston Red Sox,521.2689213821614,69.48932994988161,243.5,24.5
220,3,David Bednar,RP,New York Yankees,514.2308926985239,69.48011037964932,92.67,-127.33
221,3,Yainer Diaz,C,Houston Astros,502.9476757216766,69.1408258416746,158.5,-62.5
222,4,Isaac Paredes,3B,Houston Astros,498.52192118817226,68.85334309912292,190.17,-31.830000000000013
223,4,Ezequiel Tovar,SS,Colorado Rockies,548.9557825368742,68.79718704520377,238.17,15.169999999999987
224,4,Bryce Miller,SP,Seattle Mariners,443.74016041924625,66.48677500130452,279.17,55.170000000000016
225,4,Kyle Stowers,OF,Miami Marlins,517.2654063471543,65.4858149148746,125.83,-99.17
226,4,Casey Mize,SP,Detroit Tigers,442.4366971740653,65.18331175612354,276.33,50.329999999999984
227,4,Max Muncy,3B,Los Angeles Dodgers,494.11787437360186,64.44929628455253,219.67,-7.3300000000000125
228,4,Michael Wacha,SP,Kansas City Royals,441.50862107319404,64.2552356552523,312.67,84.67000000000002
229,4,Bubba Chandler,SP,Pittsburgh Pirates,441.26451720415565,64.01113178621392,162.67,-66.33000000000001
230,3,Griffin Jax,RP,Tampa Bay Rays,508.45017179530055,63.69938947642595,225.67,-4.3300000000000125
231,4,Trevor Story,SS,Boston Red Sox,543.7345819638922,63.575986472221814,128.5,-102.5
232,4,Jordan Beck,OF,Colorado Rockies,515.1098315318312,63.330240099551474,246.25,14.25
233,4,Mike Trout,DH,Los Angeles Angels,514.0031412334371,62.61615364475034,163.17,-69.83000000000001
234,4,Adolis Garcia,OF,Philadelphia Phillies,514.0160802653528,62.236488833073054,235.67,1.6699999999999875
235,4,Jorge Polanco,DH,New York Mets,513.5454578305154,62.15847024182864,200.67,-34.33000000000001
236,4,Reid Detmers,SP,Los Angeles Angels,439.3334360485218,62.08005063058005,318.67,82.67000000000002
237,4,Daulton Varsho,OF,Toronto Blue Jays,513.6412433401658,61.861651907886085,214.5,-22.5
238,4,Cam Schlittler,SP,New York Yankees,438.9997453634812,61.746359945539496,126.0,-112.0
239,4,Jac Caglianone,1B,Kansas City Royals,456.1851582148432,61.08349075840897,212.17,-26.830000000000013
240,4,Masyn Winn,SS,St. Louis Cardinals,538.1757924498665,58.017196958196166,284.67,44.670000000000016
241,4,Clay Holmes,SP,New York Mets,434.8530610260069,57.59967560806518,295.5,54.5
242,4,Jeffrey Springs,SP,Athletics,434.569936370973,57.31655095303125,335.8,93.80000000000001
243,4,Shane McClanahan,SP,Tampa Bay Rays,434.03035866863524,56.776973250693516,226.17,-16.830000000000013
244,4,Andrew Benintendi,OF,Chicago White Sox,508.21359741540857,56.43400598312883,384.75,140.75
245,4,Brayan Bello,SP,Boston Red Sox,432.6290969496059,55.375711531664194,292.17,47.170000000000016
246,4,Joe Musgrove,SP,San Diego Padres,432.46541774449395,55.21203232655222,243.5,-2.5
247,4,Jameson Taillon,SP,Chicago Cubs,432.23747564304307,54.98409022510134,322.83,75.82999999999998
248,4,Reynaldo Lopez,SP,Atlanta Braves,432.0028918723056,54.74950645436388,334.83,86.82999999999998
249,4,Royce Lewis,3B,Minnesota Twins,483.98144184185287,54.31286375280354,223.83,-25.169999999999987
250,4,J.P. Crawford,SS,Seattle Mariners,533.8222609368127,53.66366544514227,316.0,66.0
251,4,JJ Wetherholt,2B,St. Louis Cardinals,464.803531167964,52.57002201132434,223.33,-27.669999999999987
252,4,Tommy Edman,2B,Los Angeles Dodgers,464.5052521417904,52.271742985150695,307.6,55.60000000000002
253,4,Luis Severino,SP,Athletics,429.2970545156132,52.043669097671454,396.67,143.67000000000002
254,4,Braxton Ashcraft,SP,Pittsburgh Pirates,429.1073002751878,51.85391485724608,297.33,43.329999999999984
255,4,Seth Lugo,SP,Kansas City Royals,428.9957686567107,51.74238323876898,309.2,54.19999999999999
256,4,Joey Cantillo,SP,Cleveland Guardians,428.4717269505702,51.21834153262847,302.83,46.829999999999984
257,4,Chad Patrick,SP,Milwaukee Brewers,427.9975469022372,50.74416148429549,336.75,79.75
258,4,Kyle Manzardo,DH,Cleveland Guardians,501.96904082582284,50.58205323713611,261.33,3.329999999999984
259,3,Gabriel Moreno,C,Arizona Diamondbacks,484.1448471123615,50.3379972323595,229.0,-30.0
260,4,Marcell Ozuna,DH,Pittsburgh Pirates,501.27778005149526,49.89079246280852,274.5,14.5
261,4,Noah Cameron,SP,Kansas City Royals,427.02398276045557,49.77059734251384,259.67,-1.329999999999984
262,4,Matthew Liberatore,SP,St. Louis Cardinals,426.9252047950873,49.671819377145596,384.0,122.0
263,4,Cody Ponce,SP,Toronto Blue Jays,424.52363423321356,47.27024881527183,298.5,35.5
264,4,Quinn Priester,SP,Milwaukee Brewers,424.0971400912176,46.843754673275896,271.17,7.170000000000016
265,4,Spencer Steer,1B,Cincinnati Reds,441.71816892455803,46.61650146812377,266.83,1.829999999999984
266,4,Cade Horton,SP,Chicago Cubs,422.85118243109156,45.59779701314983,181.0,-85.0
267,4,Dustin May,SP,St. Louis Cardinals,422.8472320557725,45.59384663783078,392.0,125.0
268,4,Aroldis Chapman,RP,Boston Red Sox,489.5599229252822,44.809140606407595,89.33,-178.67000000000002
269,4,Jeremiah Estrada,RP,San Diego Padres,489.0669178066394,44.316135487764825,323.2,54.19999999999999
270,4,Kodai Senga,SP,New York Mets,421.3154112639357,44.06202584599396,273.17,3.170000000000016
271,5,Mickey Moniak,OF,Colorado Rockies,493.5349026260768,41.75531119379707,281.2,10.199999999999989
272,5,Zebby Matthews,SP,Minnesota Twins,418.7190574058002,41.46567198785846,314.75,42.75
273,5,Slade Cecconi,SP,Cleveland Guardians,418.4379381600945,41.18455274215279,385.5,112.5
274,4,Colt Keith,DH,Detroit Tigers,492.2649149724676,40.87792738378084,279.33,5.329999999999984
275,4,Daniel Palencia,RP,Chicago Cubs,484.8654651268379,40.11468280796328,158.33,-116.66999999999999
276,5,Ryan Weathers,SP,New York Yankees,417.3346169195819,40.08123150164016,284.33,8.329999999999984
277,4,JoJo Romero,RP,St. Louis Cardinals,484.629912086051,39.87912976717638,379.2,102.19999999999999
278,5,Mike Burrows,SP,Houston Astros,416.1513197299445,38.89793431200275,322.17,44.170000000000016
279,5,Grayson Rodriguez,SP,Los Angeles Angels,416.0758423834516,38.82245696550984,287.0,8.0
280,3,Ryan Jeffers,C,Minnesota Twins,472.45270255299084,38.64585267298884,284.5,4.5
281,4,Hunter Gaddis,RP,Cleveland Guardians,482.48004306322923,37.72926074435463,640.33,359.33000000000004
282,4,Garrett Cleavinger,RP,Tampa Bay Rays,481.74756295965244,36.99678064077784,404.25,122.25
283,3,J.T. Realmuto,C,Philadelphia Phillies,469.76833628104936,35.96148640104735,224.83,-58.16999999999999
284,5,Ramon Laureano,OF,San Diego Padres,487.66368300681626,35.88409157453651,255.5,-28.5
285,4,Willi Castro,SS,Colorado Rockies,513.6029550420669,33.44435955039654,303.33,18.329999999999984
286,5,Tyler Mahle,SP,San Francisco Giants,409.5958997960985,32.34251437815675,328.5,42.5
287,5,Taj Bradley,SP,Minnesota Twins,409.1581216231398,31.90473620519805,383.5,96.5
288,4,Raisel Iglesias,RP,Atlanta Braves,476.4816858600302,31.730903541155612,121.5,-166.5
289,5,Jacob Lopez,SP,Athletics,408.9737692905153,31.720383872573564,359.75,70.75
290,4,Ke'Bryan Hayes,3B,Cincinnati Reds,460.72137967597797,31.052801586928638,613.0,323.0
291,4,Colson Montgomery,3B,Chicago White Sox,460.59506503624687,30.92648694719753,190.67,-100.33000000000001
292,5,Kerry Carpenter,OF,Detroit Tigers,481.89967136042384,30.120079928144094,242.17,-49.83000000000001
293,4,Jeff Hoffman,RP,Toronto Blue Jays,473.94905045268814,29.198268133813542,145.83,-147.17
294,5,Nick Martinez,SP,Tampa Bay Rays,405.7278956578027,28.47451023986099,527.75,233.75
295,5,Gerrit Cole,SP,New York Yankees,405.67875748900747,28.425372071065738,218.67,-76.33000000000001
296,5,Zach Eflin,SP,Baltimore Orioles,404.75681495277365,27.503429534831923,361.0,65.0
297,4,Addison Barger,3B,Toronto Blue Jays,456.93853400093366,27.269955911884324,195.5,-101.5
298,5,Colton Cowser,OF,Baltimore Orioles,478.45941060581754,26.679819173537794,275.67,-22.329999999999984
299,3,Kyle Teel,C,Chicago White Sox,459.0221234977777,25.215273617775722,233.33,-65.66999999999999
300,4,Chase Meidroth,SS,Chicago White Sox,505.01525398184833,24.85665849017795,351.0,51.0
301,4,Josh Jung,3B,Texas Rangers,453.2265608455026,23.55798275645327,324.4,23.399999999999977
302,5,Cade Cavalli,SP,Washington Nationals,400.77979537853594,23.526409960594208,366.5,64.5
303,5,Will Warren,SP,New York Yankees,400.3459329622436,23.09254754430185,321.0,18.0
304,5,Michael McGreevy,SP,St. Louis Cardinals,400.3219342531974,23.068548835255683,626.67,322.66999999999996
305,5,Zack Littell,SP,Washington Nationals,399.2730885173294,22.019703099387698,408.5,103.5
306,5,Emilio Pagan,RP,Cincinnati Reds,466.3011426882054,21.550360369330804,155.17,-150.83
307,5,Grant Holmes,SP,Atlanta Braves,397.96662404857767,20.713238630635942,493.5,186.5
308,5,Dean Kremer,SP,Baltimore Orioles,397.15784252424965,19.904457106307916,403.0,95.0
309,4,Zach McKinstry,3B,Detroit Tigers,449.17974462097044,19.511166531921106,299.8,-9.199999999999989
310,5,Braxton Garrett,SP,Miami Marlins,396.4648260531041,19.211440635162376,422.0,112.0
311,5,Harrison Bader,OF,San Francisco Giants,470.9790980571023,19.19950662482256,345.8,34.80000000000001
312,5,Garrett Whitlock,RP,Boston Red Sox,463.6752499457003,18.924467626825674,347.33,35.329999999999984
313,4,Bryce Eldridge,1B,San Francisco Giants,413.8893296102738,18.787662153839563,343.5,30.5
314,5,Ryan Helsley,RP,Baltimore Orioles,461.2626023932054,16.511820074330785,136.17,-177.83
315,5,Max Meyer,SP,Miami Marlins,393.11561882061744,15.862233402675713,373.5,58.5
316,5,Shane Bieber,SP,Toronto Blue Jays,392.55049344812085,15.297108030179118,227.17,-88.83000000000001
317,5,Trevor Megill,RP,Milwaukee Brewers,459.9255671172476,15.174784798373025,153.0,-164.0
318,5,Eduardo Rodriguez,SP,Arizona Diamondbacks,391.78828450936345,14.534899091421721,663.67,345.66999999999996
319,5,Parker Messick,SP,Cleveland Guardians,391.28615863000397,14.032773212062239,310.6,-8.399999999999977
320,5,Landen Roupp,SP,San Francisco Giants,390.1249044492659,12.87151903132417,409.0,89.0
321,5,Ryan Walker,RP,San Francisco Giants,457.060208579052,12.309426260177418,214.5,-106.5
322,5,Jake Meyers,OF,Houston Astros,463.6382020065537,11.85861057427394,427.33,105.32999999999998
323,5,Josh Lowe,OF,Los Angeles Angels,463.39052762022885,11.610936187949108,286.5,-36.5
324,5,Cristian Javier,SP,Houston Astros,388.336135381727,11.082749963785261,345.33,21.329999999999984
325,5,Simeon Woods Richardson,SP,Minnesota Twins,388.1742472964329,10.920861878491166,373.5,48.5
326,5,Mike Yastrzemski,OF,Atlanta Braves,462.1954002816949,10.415808849415157,372.67,46.670000000000016
327,5,Dennis Santana,RP,Pittsburgh Pirates,455.1541036904202,10.403321371545587,203.5,-123.5
328,5,Sean Burke,SP,Chicago White Sox,387.6412267982064,10.38784138026466,735.0,407.0
329,4,Nolan Gorman,2B,St. Louis Cardinals,422.32373200566155,10.09022284902187,370.33,41.329999999999984
330,5,Pete Fairbanks,RP,Miami Marlins,454.8291689793763,10.078386660501678,159.5,-170.5
331,5,Alex Vesia,RP,Los Angeles Dodgers,454.80632406395904,10.05554174508444,534.25,203.25
332,5,Jorge Soler,OF,Los Angeles Angels,461.82621537188436,10.046623939604615,381.0,49.0
333,5,Gavin Sheets,OF,San Diego Padres,461.77379425651543,9.994202824235686,379.75,46.75
334,4,Jordan Westburg,3B,Baltimore Orioles,439.53182427472393,9.863246185674598,206.83,-127.16999999999999
335,4,Marcelo Mayer,2B,Boston Red Sox,421.6566820732653,9.423172916625617,323.5,-11.5
336,5,Jordan Walker,OF,St. Louis Cardinals,460.2965895223544,8.516998090074651,370.5,34.5
337,4,Joey Ortiz,SS,Milwaukee Brewers,488.49381768236304,8.335222190692662,412.5,75.5
338,5,Matt Brash,RP,Seattle Mariners,453.0339023862395,8.283120067364905,558.0,220.0
339,5,Edwin Uceta,RP,Tampa Bay Rays,451.7459480711035,6.9951657522289,322.0,-17.0
340,5,Grant Taylor,RP,Chicago White Sox,451.6683997549111,6.917617436036494,374.0,34.0
341,4,Rhys Hoskins,1B,Cleveland Guardians,401.85313842990917,6.751470973474909,654.5,313.5
342,5,Adrian Houser,SP,San Francisco Giants,383.87887866501296,6.625493247071233,691.5,349.5
343,5,Justin Verlander,SP,Detroit Tigers,383.59708198513243,6.343696567190705,442.67,99.67000000000002
344,5,Isaac Collins,OF,Kansas City Royals,457.7870193329583,6.007427900678579,360.0,16.0
345,5,Carlos Estevez,RP,Kansas City Royals,450.6537084444586,5.902926125583974,122.83,-222.17000000000002
346,5,Robert Suarez,RP,Atlanta Braves,449.7421012619629,4.991318943088288,213.67,-132.33
347,5,Josh Hader,RP,Houston Astros,448.63380743905265,3.883025120178047,118.83,-228.17000000000002
348,5,Evan Carter,OF,Texas Rangers,455.0934453962563,3.3138539639765554,287.0,-61.0
349,5,Logan Henderson,SP,Milwaukee Brewers,379.9069183281584,2.6535329102166543,289.83,-59.170000000000016
350,5,Luke Weaver,RP,New York Mets,447.35999083327505,2.60920851440045,355.83,5.829999999999984
351,5,Brandon Marsh,OF,Philadelphia Phillies,453.83924625185017,2.059654819570426,361.0,10.0
352,4,Josh Smith,SS,Texas Rangers,482.16959887038666,2.011003378716282,333.17,-18.829999999999984
353,5,Tyler Rogers,RP,Toronto Blue Jays,445.66586264791704,0.9150803290424392,564.33,211.33000000000004
354,5,Wenceel Perez,OF,Detroit Tigers,452.159580897152,0.37998946487226704,430.5,76.5
355,5,Jesus Sanchez,OF,Toronto Blue Jays,451.93281027972574,0.15321884744599856,352.67,-2.329999999999984
